NASDAQ,NYSE,AMEX
AACG,A,AAMC
AACQ,AA,AAU
AACQU,AAC,ACU
AACQW,AAIC,ACY
AAL,AAIC^B,ADRA
AAME,AAIC^C,AE
AAOI,AAN,AEF
AAON,AAP,AGE
AAPL,AAT,AIM
AAWW,AB,AINC
ABCB,ABB,AIRI
ABCL,ABBV,AMBO
ABCM,ABC,AMPE
ABEO,ABEV,AMS
ABGI,ABG,ANVS
ABIO,ABM,APT
ABMD,ABR,ARMP
ABNB,ABR^A,ASM
ABST,ABR^B,ASXC
ABTX,ABR^C,ATNM
ABUS,ABT,AUMN
ACAC,AC,AWX
ACACU,ACA,AXU
ACACW,ACB,BATL
ACAD,ACC,BCV
ACAHU,ACCO,BCV^A
ACBAU,ACEL,BDL
ACBI,ACH,BDR
ACCD,ACI,BGI
ACER,ACIC,BHB
ACET,ACII,BIOX
ACEV,ACM,BKTI
ACEVU,ACN,BMTX
ACEVW,ACND,BRBS
ACGL,ACP,BRG
ACGLO,ACR,BRG^C
ACGLP,ACR^C,BRG^D
ACHC,ACRE,BRN
ACHL,ACV,BTG
ACHV,ADC,BTN
ACIU,ADCT,BTX
ACIW,ADEX,BWL/A
ACKIT,ADM,CANF
ACKIU,ADNT,CCF
ACKIW,ADS,CDOR
ACLS,ADT,CEI
ACMR,ADX,CET
ACNB,AEB,CEV
ACOR,AEE,CHAQ
ACQRU,AEFC,CHFW
ACRS,AEG,CIK
ACRX,AEL,CIX
ACST,AEL^A,CKX
ACTC,AEL^B,CLM
ACTCU,AEM,CMCL
ACTCW,AENZ,CMT
ACTDU,AEO,COHN
ACTG,AER,CPHI
ACVA,AES,CQP
ADAG,AESC,CRF
ADAP,AEVA,CTEK
ADBE,AFB,CVM
ADER,AFG,CVR
ADERU,AFGB,CVU
ADERW,AFGC,DHY
ADES,AFGD,DIT
ADI,AFGE,DLA
ADIL,AFI,DMF
ADILW,AFL,DNN
ADMA,AFT,DPW
ADMP,AG,DSS
ADMS,AGAC,DXF
ADN,AGCB,DXR
ADNWW,AGCO,EAD
ADOC,AGD,ECF
ADOCR,AGI,ECF^A
ADOCW,AGL,EIM
ADP,AGM,ELA
ADPT,AGM^C,ELLO
ADSK,AGM^D,ELMD
ADTN,AGM^E,EMAN
ADTX,AGM^F,EMX
ADUS,AGO,ENSV
ADV,AGO^B,ENX
ADVM,AGO^E,EPM
ADVWW,AGO^F,EQX
ADXN,AGR,ERC
ADXS,AGRO,ERH
AEAC,AGS,ESP
AEACU,AGTI,EVBN
AEACW,AGX,EVI
AEGN,AHC,EVM
AEHL,AHH,EVV
AEHR,AHH^A,EVY
AEI,AHL^C,EXN
AEIS,AHL^D,FAX
AEMD,AHL^E,FCO
AEP,AHT,FEN
AEPPL,AHT^D,FRD
AEPPZ,AHT^F,FSI
AERI,AHT^G,FSP
AESE,AHT^H,FTF
AEY,AHT^I,FTSI
AEYE,AI,FURY
AEZS,AIC,GAU
AFAQU,AIF,GBR
AFBI,AIG,GDP
AFCG,AIG^A,GGN
AFIB,AIN,GGN^B
AFIN,AIO,GGO
AFINO,AIR,GGO^A
AFINP,AIRC,GLDG
AFMD,AIT,GLO
AFRM,AIV,GLQ
AFYA,AIW,GLU
AGBA,AIZ,GLU^A
AGBAR,AIZN,GLU^B
AGBAW,AJAX,GLV
AGC,AJG,GOED
AGCUU,AJRD,GORO
AGCWW,AJX,GPL
AGEN,AJXA,GRF
AGFS,AKO/A,GROY
AGFY,AKO/B,GSAT
AGGRU,AKR,GSS
AGIO,AL,GSV
AGLE,AL^A,GTE
AGMH,ALB,HLM^
AGNC,ALC,HMG
AGNCM,ALE,HNW
AGNCN,ALEX,HUSA
AGNCO,ALG,HWM^
AGNCP,ALIN^A,IAF
AGRX,ALIN^B,IBIO
AGTC,ALIN^E,ID
AGYS,ALK,IGC
AHAC,ALL,IHT
AHACU,ALL^B,IMH
AHACW,ALL^G,IMO
AHCO,ALL^H,INDO
AHPI,ALL^I,INFU
AIH,ALLE,INS
AIHS,ALLY,INTT
AIKI,ALLY^A,INUV
AIMC,ALP^Q,IOR
AINV,ALSN,ISDR
AIRG,ALTG,ISR
AIRT,ALTG^A,ITP
AIRTP,ALUS,ITRG
AIRTW,ALV,JOB
AKAM,ALX,KIQ
AKBA,AM,KLR
AKIC,AMBC,LCTX
AKICU,AMC,LEU
AKICW,AMCR,LGL
AKRO,AME,LNG
AKTS,AMG,LODE
AKTX,AMH,LOV
AKU,AMH^D,LSF
AKUS,AMH^E,LXFR
AKYA,AMH^F,MAG
ALAC,AMH^G,MCF
ALACR,AMH^H,MHH
ALACW,AMK,MLSS
ALBO,AMN,MMX
ALCO,AMOV,MSN
ALDX,AMP,MTA
ALEC,AMPI,MTNB
ALGM,AMPY,MXC
ALGN,AMR,MYO
ALGS,AMRC,NAK
ALGT,AMRX,NAVB
ALHC,AMT,NBA
ALIM,AMWL,NBH
ALJJ,AMX,NBO
ALKS,AN,NBW
ALKT,ANAC,NBY
ALLK,ANET,NEN
ALLO,ANF,NES
ALLT,ANTM,NG
ALNA,AOD,NGD
ALNY,AON,NHC
ALOT,AONE,NHS
ALPN,AOS,NML
ALRM,AP,NNVC
ALRN,APAM,NOG
ALRS,APD,NRO
ALSK,APG,NSPR
ALT,APGB,NTIP
ALTA,APH,NXE
ALTM,APLE,OGEN
ALTO,APO,ORLA
ALTR,APO^A,PCG^A
ALTU,APO^B,PCG^C
ALTUU,APRN,PCG^D
ALTUW,APSG,PCG^H
ALVR,APTS,PED
ALXN,APTV,PHGE
ALXO,APTV^A,PLAG
ALYA,AQN,PLG
AMAL,AQNA,PLM
AMAOU,AQNB,PLX
AMAT,AQUA,PLYM^A
AMBA,AR,PRK
AMCX,ARC,PTK
AMD,ARCH,PTN
AMED,ARCO,PW
AMEH,ARD,PW^A
AMGN,ARDC,PZG
AMHC,ARE,RCG
AMHCW,ARES,REI
AMKR,ARES^A,REPX
AMNB,ARGD,RHE
AMOT,ARGO,RHE^A
AMPG,ARGO^A,RLGT
AMPGW,ARI,RMED
AMPH,ARL,RVP
AMRB,ARLO,SACC
AMRK,ARMK,SACH
AMRN,ARNC,SCCB
AMRS,AROC,SCCC
AMSC,ARR,SDPI
AMSF,ARR^C,SEB
AMST,ARW,SENS
AMSWA,ASA,SIF
AMTB,ASAI,SILV
AMTBB,ASAN,SIM
AMTI,ASAQ,SMTS
AMTX,ASB,SNMP
AMWD,ASB^C,SSY
AMYT,ASB^D,STXS
AMZN,ASB^E,SVM
ANAB,ASB^F,SVT
ANAT,ASC,SYN
ANDA,ASG,TGB
ANDAR,ASGI,THM
ANDAW,ASGN,TKAT
ANDE,ASH,TMBR
ANGI,ASIX,TMP
ANGN,ASPL,TMQ
ANGO,ASPN,TPHS
ANIK,ASR,TRT
ANIP,ASX,TRX
ANIX,ASZ,UAMY
ANNX,AT,UAVS
ANPC,ATA,UEC
ANSS,ATAC,UFAB
ANTE,ATAQ,URG
ANY,ATC,USAS
ANZUU,ATCO,UTG
ANZUW,ATCO^D,UUU
AOSL,ATCO^E,UUUU
AOUT,ATCO^G,VCF
APA,ATCO^H,VFL
APDN,ATCO^I,VGZ
APEI,ATEN,VHAQ
APEN,ATGE,VKI
APHA,ATH,VMM
API,ATH^A,VNRX
APLS,ATH^B,VOLT
APLT,ATH^C,WLMS
APM,ATH^D,WRN
APOG,ATHM,WTT
APOP,ATI,WWR
APOPW,ATKR,WYY
APP,ATMR,XPL
APPF,ATO,XTNT
APPH,ATR,XXII
APPHW,ATTO,YCBD
APPN,ATUS,YCBD^A
APPS,AU,ZDGE
APR,AUD,ZOM
APRE,AUS,
APTO,AUY,
APTX,AVA,
APVO,AVAL,
APWC,AVAN,
APXT,AVB,
APXTU,AVD,
APXTW,AVK,
APYX,AVLR,
AQB,AVNS,
AQMS,AVNT,
AQST,AVTR,
ARAV,AVTR^A,
ARAY,AVY,
ARBG,AVYA,
ARBGU,AWF,
ARBGW,AWI,
ARCB,AWK,
ARCC,AWP,
ARCE,AWR,
ARCT,AX,
ARDS,AXL,
ARDX,AXP,
AREC,AXR,
ARGX,AXS,
ARKO,AXS^E,
ARKOW,AXTA,
ARKR,AYI,
ARLP,AYX,
ARNA,AZEK,
AROW,AZO,
ARPO,AZRE,
ARQT,AZUL,
ARRWU,AZZ,
ARRWW,B,
ARRY,BA,
ARTL,BABA,
ARTLW,BAC,
ARTNA,BAC^B,
ARTW,BAC^E,
ARVL,BAC^K,
ARVLW,BAC^L,
ARVN,BAC^M,
ARWR,BAC^N,
ARYA,BAC^O,
ARYD,BAC^P,
ASAX,BAH,
ASAXU,BAK,
ASAXW,BALY,
ASLE,BAM,
ASLEW,BAMH,
ASLN,BAMI,
ASMB,BANC,
ASML,BANC^E,
ASND,BAP,
ASO,BAX,
ASPC,BB,
ASPCU,BBAR,
ASPCW,BBD,
ASPS,BBDC,
ASPU,BBDO,
ASRT,BBL,
ASRV,BBN,
ASRVP,BBU,
ASTC,BBVA,
ASTE,BBW,
ASTS,BBY,
ASTSW,BC,
ASUR,BC^A,
ASYS,BC^B,
ATAX,BC^C,
ATCX,BCAT,
ATEC,BCC,
ATEX,BCE,
ATHA,BCEI,
ATHE,BCH,
ATHX,BCO,
ATIF,BCS,
ATLC,BCSF,
ATLO,BCX,
ATNF,BDC,
ATNFW,BDJ,
ATNI,BDN,
ATNX,BDX,
ATOM,BDXB,
ATOS,BE,
ATRA,BEDU,
ATRC,BEKE,
ATRI,BEN,
ATRO,BEP,
ATRS,BEP^A,
ATSG,BEPC,
ATSPT,BEPH,
ATSPU,BERY,
ATVCU,BEST,
ATVI,BF/A,
ATXI,BF/B,
AUB,BFAM,
AUBAP,BFK,
AUBN,BFLY,
AUDC,BFS,
AUPH,BFS^D,
AURCU,BFS^E,
AUTL,BFZ,
AUTO,BG,
AUUD,BGB,
AUUDW,BGH,
AUVI,BGIO,
AVAV,BGR,
AVCO,BGS,
AVCT,BGSF,
AVCTW,BGT,
AVDL,BGX,
AVEO,BGY,
AVGO,BH,
AVGOP,BHC,
AVGR,BHE,
AVID,BHK,
AVIR,BHLB,
AVNW,BHP,
AVO,BHR,
AVRO,BHR^B,
AVT,BHR^D,
AVXL,BHV,
AWH,BHVN,
AWRE,BIF,
AXAS,BIG,
AXDX,BIGZ,
AXGN,BILL,
AXLA,BIO,
AXNX,BIO/B,
AXON,BIP,
AXSM,BIP^A,
AXTI,BIP^B,
AY,BIPC,
AYLA,BIT,
AYRO,BITE,
AYTU,BJ,
AZN,BK,
AZPN,BKD,
AZRX,BKE,
AZYO,BKH,
BAND,BKI,
BANF,BKN,
BANFP,BKR,
BANR,BKT,
BANX,BKU,
BAOS,BLD,
BATRA,BLE,
BATRK,BLK,
BBBY,BLL,
BBCP,BLUA,
BBGI,BLW,
BBI,BLX,
BBIG,BMA,
BBIO,BME,
BBQ,BMEZ,
BBSI,BMI,
BCAB,BML^G,
BCAC,BML^H,
BCACU,BML^J,
BCACW,BML^L,
BCBP,BMO,
BCDA,BMY,
BCDAW,BNED,
BCEL,BNL,
BCLI,BNS,
BCML,BNY,
BCOR,BOAC,
BCOV,BOAS,
BCOW,BOE,
BCPC,BOH,
BCRX,BOOT,
BCTG,BORR,
BCTX,BOX,
BCTXW,BP,
BCYC,BPMP,
BCYP,BPT,
BCYPU,BQ,
BCYPW,BR,
BDSI,BRBR,
BDSX,BRC,
BDTX,BRFS,
BEAM,BRK/A,
BECN,BRK/B,
BEEM,BRMK,
BEEMW,BRO,
BELFA,BRT,
BELFB,BRX,
BENE,BSA,
BENER,BSAC,
BENEU,BSBR,
BENEW,BSIG,
BFC,BSL,
BFI,BSM,
BFIIW,BSMX,
BFIN,BSN,
BFRA,BST,
BFST,BSTZ,
BGCP,BSX,
BGFV,BSX^A,
BGNE,BTA,
BHAT,BTCM,
BHF,BTI,
BHFAL,BTO,
BHFAN,BTT,
BHFAO,BTU,
BHFAP,BTZ,
BHSE,BUD,
BHSEU,BUI,
BHSEW,BUR,
BHTG,BURL,
BIDU,BV,
BIGC,BVH,
BIIB,BVN,
BILI,BW,
BIMI,BWA,
BIOC,BWG,
BIOL,BWSN,
BIOT,BWXT,
BIOTU,BX,
BIOTW,BXC,
BIVI,BXG,
BJRI,BXMT,
BKCC,BXMX,
BKEP,BXP,
BKEPP,BXS,
BKNG,BXS^A,
BKSC,BY,
BKYI,BYD,
BL,BYM,
BLBD,BZH,
BLCM,C,
BLCT,C^J,
BLDP,C^K,
BLDR,C^N,
BLFS,CAAP,
BLI,CABO,
BLIN,CACI,
BLKB,CADE,
BLMN,CAE,
BLNK,CAF,
BLNKW,CAG,
BLPH,CAH,
BLRX,CAI,
BLSA,CAI^A,
BLTS,CAI^B,
BLTSU,CAJ,
BLTSW,CAL,
BLU,CALX,
BLUE,CANG,
BLUW,CAP,
BLUWU,CAPL,
BLUWW,CARR,
BMBL,CARS,
BMEA,CAS,
BMRA,CAT,
BMRC,CATO,
BMRN,CB,
BMTC,CBAH,
BNFT,CBB,
BNGO,CBB^B,
BNGOW,CBD,
BNR,CBH,
BNSO,CBRE,
BNTC,CBT,
BNTX,CBU,
BOCH,CBZ,
BOKF,CC,
BOKFL,CCAC,
BOLT,CCEP,
BOMN,CCI,
BOOM,CCIV,
BOSC,CCJ,
BOTJ,CCK,
BOWX,CCL,
BOWXU,CCM,
BOWXW,CCO,
BOXL,CCS,
BPFH,CCU,
BPMC,CCV,
BPOP,CCVI,
BPOPM,CCX,
BPOPN,CCZ,
BPRN,CDAY,
BPTH,CDE,
BPTS,CDR,
BPY,CDR^B,
BPYPN,CDR^C,
BPYPO,CE,
BPYPP,CEA,
BPYU,CEE,
BPYUP,CEIX,
BREZ,CELP,
BREZR,CEM,
BREZW,CEN,
BRID,CEPU,
BRKL,CEQP,
BRKR,CEQP^,
BRKS,CF,
BRLI,CFG,
BRLIR,CFG^D,
BRLIU,CFG^E,
BRLIW,CFR,
BROG,CFR^B,
BROGW,CFX,
BRP,CFXA,
BRPA,CGA,
BRPAR,CGAU,
BRPAU,CHAA,
BRPAW,CHCT,
BRPM,CHD,
BRPMU,CHE,
BRPMW,CHGG,
BRQS,CHH,
BRY,CHMI,
BSBK,CHMI^A,
BSET,CHMI^B,
BSGM,CHN,
BSPE,CHPT,
BSQR,CHRA,
BSRR,CHS,
BSVN,CHT,
BSY,CHWY,
BTAI,CI,
BTAQ,CIA,
BTAQU,CIB,
BTAQW,CIEN,
BTBT,CIF,
BTNB,CIG,
BTRS,CII,
BTRSW,CIM,
BTWN,CIM^A,
BTWNU,CIM^B,
BTWNW,CIM^C,
BUSE,CIM^D,
BVS,CINR,
BVXV,CIO,
BWAC,CIO^A,
BWACU,CIR,
BWACW,CIT,
BWAY,CIT^B,
BWB,CIXX,
BWEN,CL,
BWFG,CLAS,
BWMX,CLB,
BXRX,CLDR,
BYFC,CLDT,
BYND,CLF,
BYSI,CLGX,
BYTSU,CLH,
BZUN,CLI,
CAAS,CLII,
CABA,CLIM,
CAC,CLNC,
CACC,CLNY,
CAHC,CLNY^G,
CAHCU,CLNY^H,
CAHCW,CLNY^I,
CAKE,CLNY^J,
CALA,CLPR,
CALB,CLR,
CALM,CLS,
CALT,CLVT,
CAMP,CLW,
CAMT,CLX,
CAN,CM,
CAPA,CMA,
CAPAU,CMC,
CAPAW,CMCM,
CAPR,CMD,
CAR,CMG,
CARA,CMI,
CARE,CMO,
CARG,CMO^E,
CARV,CMP,
CASA,CMRE,
CASH,CMRE^B,
CASI,CMRE^C,
CASS,CMRE^D,
CASY,CMRE^E,
CATB,CMS,
CATC,CMS^B,
CATM,CMSA,
CATY,CMSC,
CBAN,CMSD,
CBAT,CMU,
CBAY,CNA,
CBFV,CNC,
CBIO,CND,
CBLI,CNF,
CBMB,CNHI,
CBNK,CNI,
CBRL,CNK,
CBSH,CNMD,
CBTX,CNNE,
CCAP,CNO,
CCB,CNO^A,
CCBG,CNP,
CCCC,CNP^B,
CCD,CNQ,
CCLP,CNR,
CCMP,CNS,
CCNC,CNX,
CCNE,CO,
CCNEP,CODI,
CCOI,CODI^A,
CCRC,CODI^B,
CCRN,CODI^C,
CCXI,COE,
CD,COF,
CDAK,COF^G,
CDEV,COF^H,
CDK,COF^I,
CDLX,COF^J,
CDMO,COF^K,
CDNA,COG,
CDNS,COLD,
CDTX,COMP,
CDW,COO,
CDXC,COP,
CDXS,COR,
CDZI,CORR,
CECE,CORR^A,
CELC,COTY,
CELH,COUR,
CEMI,CP,
CENH,CPA,
CENHU,CPAC,
CENHW,CPB,
CENT,CPE,
CENTA,CPF,
CENX,CPG,
CERC,CPK,
CERE,CPLG,
CEREW,CPNG,
CERN,CPRI,
CERS,CPS,
CERT,CPSR,
CETX,CPT,
CETXP,CPTK,
CETXW,CPUH,
CEVA,CR,
CFAC,CRC,
CFACU,CRD/A,
CFACW,CRD/B,
CFB,CRH,
CFBK,CRHC,
CFFEU,CRI,
CFFI,CRK,
CFFN,CRL,
CFFVU,CRM,
CFFVW,CRS,
CFIV,CRT,
CFIVU,CRU,
CFIVW,CRY,
CFMS,CS,
CFRX,CSAN,
CFV,CSL,
CFVI,CSLT,
CFVIU,CSPR,
CFVIW,CSR,
CG,CSR^C,
CGBD,CSTA,
CGC,CSTM,
CGEM,CSU,
CGEN,CSV,
CGNT,CTA^A,
CGNX,CTA^B,
CGO,CTAC,
CGRN,CTB,
CHCI,CTBB,
CHCO,CTDD,
CHDN,CTK,
CHEF,CTLT,
CHEK,CTO,
CHEKZ,CTOS,
CHFS,CTR,
CHI,CTS,
CHK,CTT,
CHKEL,CTVA,
CHKEW,CUB,
CHKEZ,CUBB,
CHKP,CUBE,
CHMA,CUBI,
CHMG,CUBI^C,
CHNG,CUBI^D,
CHNGU,CUBI^E,
CHNR,CUBI^F,
CHPM,CUK,
CHPMU,CULP,
CHPMW,CURO,
CHRS,CUZ,
CHRW,CVA,
CHSCL,CVE,
CHSCM,CVEO,
CHSCN,CVI,
CHSCO,CVII,
CHSCP,CVNA,
CHTR,CVS,
CHUY,CVX,
CHW,CW,
CHX,CWEN,
CHY,CWH,
CIDM,CWK,
CIGI,CWT,
CIH,CX,
CINF,CXE,
CIVB,CXH,
CIZN,CXP,
CJJD,CXW,
CKPT,CYD,
CLAR,CYH,
CLBK,D,
CLBS,DAC,
CLDB,DAL,
CLDX,DAN,
CLEU,DAO,
CLFD,DAR,
CLGN,DASH,
CLIR,DAVA,
CLLS,DB,
CLMT,DBD,
CLNE,DBI,
CLNN,DBL,
CLNNW,DCF,
CLOV,DCI,
CLOVW,DCO,
CLPS,DCP,
CLPT,DCP^B,
CLRB,DCP^C,
CLRM,DCUE,
CLRMU,DD,
CLRMW,DDD,
CLRO,DDF,
CLSD,DDS,
CLSK,DDT,
CLSN,DE,
CLVR,DEA,
CLVRW,DECK,
CLVS,DEH,
CLWT,DEI,
CLXT,DELL,
CMBM,DEN,
CMCO,DEO,
CMCSA,DESP,
CMCT,DEX,
CME,DFIN,
CMFNL,DFNS,
CMII,DFP,
CMIIU,DFS,
CMIIW,DG,
CMLF,DGNR,
CMLFU,DGX,
CMLFW,DHF,
CMLS,DHI,
CMLTU,DHR,
CMMB,DHR^A,
CMPI,DHR^B,
CMPR,DHT,
CMPS,DHX,
CMRX,DIAX,
CMTL,DIN,
CNBKA,DIS,
CNCE,DK,
CNDT,DKL,
CNET,DKS,
CNEY,DLB,
CNFR,DLNG,
CNFRL,DLNG^A,
CNNB,DLNG^B,
CNOB,DLR,
CNSL,DLR^C,
CNSP,DLR^J,
CNST,DLR^K,
CNTB,DLR^L,
CNTG,DLX,
CNTY,DLY,
CNXC,DM,
CNXN,DMB,
COCP,DMO,
CODA,DMS,
CODX,DMYI,
COFS,DMYQ,
COGT,DNB,
COHR,DNMR,
COHU,DNOW,
COIN,DNP,
COKE,DNZ,
COLB,DOC,
COLI,DOCN,
COLIU,DOOR,
COLIW,DOV,
COLL,DOW,
COLM,DPG,
COMM,DPZ,
COMS,DQ,
COMSW,DRD,
CONE,DRE,
CONN,DRH,
CONX,DRH^A,
CONXU,DRI,
CONXW,DRQ,
COOL,DRUA,
COOLU,DS,
COOLW,DS^B,
COOP,DS^C,
CORE,DS^D,
CORT,DSE,
COST,DSL,
COUP,DSM,
COVA,DSSI,
COVAU,DSU,
COVAW,DSX,
COWN,DSX^B,
COWNL,DT,
CPHC,DTB,
CPIX,DTE,
CPLP,DTF,
CPRT,DTJ,
CPRX,DTLA^,
CPSH,DTP,
CPSI,DTW,
CPSS,DTY,
CPTA,DUK,
CPTAG,DUK^A,
CPTAL,DUKB,
CPZ,DUKH,
CRAI,DV,
CRBP,DVA,
CRCT,DVD,
CRDF,DVN,
CREE,DWIN,
CREG,DX,
CRESY,DX^C,
CREX,DXC,
CREXW,DY,
CRIS,DYFN,
CRKN,E,
CRMD,EAF,
CRMT,EAI,
CRNC,EARN,
CRNT,EAT,
CRNX,EB,
CRON,EBF,
CROX,EBR,
CRSA,EBS,
CRSAW,EC,
CRSP,ECC           ,
CRSR,ECCB,
CRTD,ECCW,
CRTDW,ECCX,
CRTO,ECCY,
CRTX,ECL,
CRUS,ECOM          ,
CRVL,ED,
CRVS,EDD,
CRWD,EDF,
CRWS,EDI,
CRZNU,EDN,
CSBR,EDU,
CSCO,EEA,
CSCW,EEX,
CSGP,EFC,
CSGS,EFC^A,
CSII,EFF,
CSIQ,EFL,
CSOD,EFR,
CSPI,EFT,
CSQ,EFX,
CSSE,EGF,
CSSEN,EGHT,
CSSEP,EGO,
CSTE,EGP,
CSTL,EGY,
CSTR,EHC,
CSWC,EHI,
CSWI,EHT,
CSX,EIC,
CTAQ,EIG,
CTAQU,EIX,
CTAQW,EL,
CTAS,ELAN,
CTBI,ELAT,
CTG,ELC,
CTHR,ELF,
CTIB,ELP,
CTIC,ELS,
CTLP,ELVT,
CTMX,ELY,
CTRE,EMD,
CTRM,EME,
CTRN,EMF,
CTSH,EMN,
CTSO,EMO,
CTXR,EMP,
CTXRW,EMPW,
CTXS,EMR,
CUBA,ENB,
CUE,ENBA,
CUEN,ENBL,
CUENW,ENIA,
CURI,ENIC,
CURIW,ENJ,
CUTR,ENLC,
CVAC,ENO,
CVBF,ENPC,
CVCO,ENR,
CVCY,ENR^A,
CVET,ENS,
CVGI,ENV,
CVGW,ENVA,
CVLG,ENZ,
CVLT,EOD,
CVLY,EOG,
CVV,EOI,
CWBC,EOS,
CWBR,EOT,
CWCO,EP^C,
CWST,EPAC,
CXDC,EPAM,
CXDO,EPC,
CYAD,EPD,
CYAN,EPR,
CYBE,EPR^C,
CYBR,EPR^E,
CYCC,EPR^G,
CYCCP,EPRT,
CYCN,EPWR,
CYRN,EQC,
CYRX,EQC^D,
CYTH,EQD,
CYTHW,EQH,
CYTK,EQH^A,
CZNC,EQH^C,
CZR,EQHA,
CZWI,EQNR,
DADA,EQR,
DAIO,EQS,
DAKT,EQT,
DARE,ERF,
DBDR,ERJ,
DBDRU,ES,
DBDRW,ESE,
DBTX,ESGC,
DBVT,ESI,
DBX,ESNT,
DCBO,ESRT,
DCOM,ESS,
DCOMP,ESTC,
DCPH,ESTE,
DCRB,ET,
DCRBU,ET^C,
DCRBW,ET^D,
DCRCU,ET^E,
DCRN,ETB,
DCRNU,ETG,
DCRNW,ETH,
DCT,ETI^,
DCTH,ETJ,
DDMX,ETN,
DDMXU,ETO,
DDMXW,ETR,
DDOG,ETRN,
DENN,ETV,
DFFN,ETW,
DFH,ETWO,
DFHT,ETX           ,
DFHTU,ETY,
DFHTW,EURN,
DFPH,EVA,
DFPHU,EVC,
DFPHW,EVF,
DGICA,EVG,
DGICB,EVH,
DGII,EVN,
DGLY,EVR,
DGNS,EVRG,
DGNU,EVRI,
DHBC,EVT,
DHBCU,EVTC,
DHBCW,EW,
DHC,EXD,
DHCAU,EXG,
DHCAW,EXK,
DHCNI,EXP,
DHCNL,EXPR,
DHHC,EXR,
DHHCU,EXTN,
DHHCW,F,
DHIL,F^B,
DIOD,F^C,
DISAU,FACA,
DISCA,FACT,
DISCB,FAF,
DISCK,FAII,
DISH,FAM,
DJCO,FBC,
DKNG,FBHS,
DLCA,FBK,
DLCAU,FBP,
DLCAW,FC,
DLHC,FCAX,
DLPN,FCF,
DLTH,FCN,
DLTR,FCPT,
DMAC,FCRW,
DMLP,FCRZ,
DMRC,FCT,
DMTK,FCX,
DNLI,FDEU,
DOCU,FDP,
DOGZ,FDX,
DOMO,FE,
DOOO,FEDU,
DORM,FEI           ,
DOX,FENG,
DOYU,FEO,
DRIO,FERG,
DRNA,FET,
DRRX,FF,
DRTT,FFA,
DRVN,FFC,
DSAC,FFG,
DSACU,FGB,
DSACW,FGNA,
DSEY,FHI,
DSGN,FHN,
DSGX,FHN^A,
DSKE,FHN^B,
DSKEW,FHN^C,
DSP,FHN^D,
DSPG,FHN^E,
DSWL,FHS,
DTEA,FI,
DTIL,FICO,
DTOCU,FIF,
DTSS,FINS,
DUNE,FINV,
DUNEU,FIS,
DUNEW,FIV,
DUO,FIX,
DUOT,FL,
DVAX,FLC,
DWSN,FLME,
DXCM,FLNG,
DXPE,FLO,
DXYN,FLOW,
DYAI,FLR,
DYN,FLS,
DYNT,FLT,
DZSI,FLY,
EA,FMAC,
EAC,FMC,
EACPU,FMN,
EACPW,FMO,
EAR,FMS,
EARS,FMX,
EAST,FMY,
EBACU,FN,
EBAY,FNB,
EBC,FNB^E,
EBET,FND,
EBIX,FNF,
EBMT,FNV,
EBON,FOA,
EBSB,FOE,
EBTC,FOF,
ECHO,FOR,
ECOL,FOUR,
ECOLW,FPAC,
ECOR,FPF,
ECPG,FPH,
EDAP,FPI,
EDIT,FPI^B,
EDRY,FPL,
EDSA,FR,
EDTK,FRA,
EDTX,FRC,
EDTXU,FRC^H,
EDTXW,FRC^I,
EDUC,FRC^J,
EEFT,FRC^K,
EEIQ,FRC^L,
EFOI,FRO,
EFSC,FRT,
EGAN,FRT^C,
EGBN,FRX,
EGLE,FSD,
EGLX,FSK,
EGRX,FSKR,
EH,FSLF,
EHTH,FSLY,
EIGR,FSM,
EJFA,FSNB,
EJFAU,FSR,
EJFAW,FSS,
EKSO,FST,
ELDN,FT,
ELOX,FTAI,
ELSE,FTAI^A,
ELTK,FTAI^B,
ELYS,FTAI^C,
EM,FTCH,
EMCF,FTEV,
EMKR,FTHY,
EML,FTI,
ENDP,FTK,
ENFA,FTS,
ENFAU,FTV,
ENFAW,FTV^A,
ENG,FUBO,
ENLV,FUL,
ENNV,FUN,
ENNVU,FUSE,
ENNVW,FVRR,
ENOB,FVT,
ENPH,G,
ENSG,GAB,
ENTA,GAB^G,
ENTG,GAB^H,
ENTX,GAB^J,
ENTXW,GAB^K,
ENVB,GAM,
ENVI,GAM^B,
ENVIU,GATO,
ENVIW,GATX,
EOLS,GB,
EOSE,GBAB,
EOSEW,GBL,
EPAY,GBX,
EPHY,GCI,
EPHYU,GCO,
EPHYW,GCP,
EPIX,GCV,
EPSN,GD,
EPZM,GDDY,
EQ,GDL,
EQBK,GDO,
EQIX,GDOT,
EQOS,GDV,
ERES,GDV^G,
ERESU,GDV^H,
ERESW,GE,
ERIC,GEF,
ERIE,GEL,
ERII,GENI,
ERYP,GEO,
ESBK,GER,
ESCA,GES,
ESEA,GF,
ESGR,GFF,
ESGRO,GFI,
ESGRP,GFL,
ESLT,GFLU,
ESPR,GFX,
ESQ,GGB,
ESSA,GGG,
ESSC,GGM,
ESSCR,GGT,
ESSCW,GGT^G,
ESTA,GGZ,
ESXB,GGZ^A,
ETAC,GHC,
ETACU,GHG,
ETACW,GHL,
ETNB,GHLD,
ETON,GHM,
ETSY,GHY,
ETTX,GIB,
EUCR,GIK,
EUCRU,GIL,
EUCRW,GIM,
EUSG,GIS,
EUSGU,GIX,
EUSGW,GJH,
EVAX,GJO,
EVBG,GJP,
EVER,GJR,
EVFM,GJS,
EVGN,GJT,
EVK,GKOS,
EVLO,GL,
EVOJ,GL^C,
EVOJU,GLEO,
EVOJW,GLOB,
EVOK,GLOG,
EVOL,GLOG^A,
EVOP,GLOP,
EWBC,GLOP^A,
EWTX,GLOP^B,
EXAS,GLOP^C,
EXC,GLP,
EXEL,GLP^A,
EXFO,GLP^B,
EXLS,GLT,
EXPC,GLW,
EXPCU,GM,
EXPCW,GME,
EXPD,GMED,
EXPE,GMRE,
EXPI,GMRE^A,
EXPO,GMS,
EXTR,GMTA,
EYE,GNE,
EYEG,GNE^A,
EYEN,GNK,
EYES,GNL,
EYESW,GNL^A,
EYPT,GNL^B,
EZGO,GNPK,
EZPW,GNRC,
FAMI,GNT,
FANG,GNW,
FANH,GOAC,
FARM,GOF,
FARO,GOL,
FAST,GOLD,
FAT,GOLF,
FATBP,GOOS,
FATBW,GPC,
FATE,GPI,
FB,GPJA,
FBIO,GPK,
FBIOP,GPM,
FBIZ,GPMT,
FBMS,GPN,
FBNC,GPRK,
FBRX,GPS,
FCAC,GPX,
FCACU,GRA,
FCACW,GRC,
FCAP,GRUB,
FCBC,GRX,
FCBP,GS,
FCCO,GS^A,
FCCY,GS^C,
FCEL,GS^D,
FCFS,GS^J,
FCNCA,GS^K,
FCNCP,GS^N,
FCRD,GSAH,
FDBC,GSBD,
FDMT,GSK,
FDUS,GSL,
FDUSG,GSL^B,
FDUSZ,GSLD,
FEIM,GSQD,
FELE,GSX,
FENC,GTES,
FEYE,GTLS,
FFBC,GTN,
FFBW,GTS,
FFHL,GTT,
FFIC,GTY,
FFIN,GUT,
FFIV,GUT^A,
FFNW,GUT^C,
FFWM,GVA,
FGBI,GWB,
FGEN,GWRE,
FGF,GWW,
FGFPP,H,
FHB,HAE,
FHTX,HAL,
FIBK,HASI,
FIII,HAYW,
FIIIU,HBB,
FIIIW,HBI,
FINM,HBM,
FINMU,HCA,
FINMW,HCC,
FISI,HCHC,
FISV,HCI,
FITB,HCXY,
FITBI,HCXZ,
FITBO,HD,
FITBP,HDB,
FIVE,HE,
FIVN,HEI,
FIXX,HEI/A,
FIZZ,HEP,
FKWL,HEQ,
FLAC,HES,
FLACU,HESM,
FLACW,HEXO,
FLDM,HFC,
FLEX,HFRO,
FLGT,HFRO^A,
FLIC,HGH,
FLIR,HGLB,
FLL,HGV,
FLMN,HHC,
FLMNW,HHLA,
FLNT,HI,
FLUX,HIE,
FLWS,HIG,
FLXN,HIG^G,
FLXS,HIGA,
FMAO,HII,
FMBH,HIL,
FMBI,HIMS,
FMBIO,HIO,
FMBIP,HIW,
FMIVU,HIX,
FMNB,HKIB,
FMTX,HL,
FNCB,HL^B,
FNCH,HLF,
FNHC,HLI,
FNKO,HLT,
FNLC,HLX,
FNWB,HMC,
FOCS,HMLP,
FOLD,HMLP^A,
FONR,HMN,
FORA,HMY,
FORD,HNGR,
FORE,HNI,
FOREU,HNP,
FOREW,HOG,
FORM,HOME,
FORR,HON,
FORTY,HOV,
FOSL,HP,
FOX,HPE,
FOXA,HPF,
FOXF,HPI,
FOXW,HPP,
FOXWU,HPQ,
FOXWW,HPS,
FPAY,HPX,
FRAF,HQH,
FRBA,HQL,
FRBK,HR,
FREE,HRB,
FREEW,HRC,
FREQ,HRI,
FRG,HRL,
FRGAP,HRTG,
FRGI,HSBC,
FRHC,HSC,
FRLN,HSY,
FRME,HT,
FROG,HT^C,
FRONU,HT^D,
FRPH,HT^E,
FRPT,HTA,
FRSGU,HTD,
FRST,HTFB,
FRSX,HTGC,
FRTA,HTH,
FRWAU,HTPA,
FSBW,HTY,
FSEA,HUBB,
FSFG,HUBS,
FSII,HUGS,
FSLR,HUM,
FSRV,HUN,
FSRVU,HUYA,
FSRVW,HVT,
FSRX,HVT/A,
FSRXU,HWM,
FSRXW,HXL,
FSSI,HY,
FSSIU,HYB,
FSSIW,HYI,
FSTR,HYLN,
FSTX,HYT,
FSV,HZAC,
FTAAU,HZN,
FTAAW,HZO,
FTCV,HZON,
FTCVU,IAA,
FTCVW,IACA,
FTDR,IACB,
FTEK,IAE,
FTFT,IAG,
FTHM,IBA,
FTIV,IBER,
FTIVU,IBM,
FTIVW,IBN,
FTNT,IBP,
FTOC,ICD,
FTOCU,ICE,
FTOCW,ICL,
FTPAU,IDA,
FULC,IDE,
FULT,IDT,
FULTP,IEX,
FUNC,IFF,
FUND,IFFT,
FUSB,IFN,
FUSN,IFS,
FUTU,IGA,
FUV,IGD,
FVAM,IGI,
FVCB,IGR,
FVE,IGT,
FWAA,IH,
FWONA,IHC,
FWONK,IHD,
FWP,IHG,
FWRD,IHIT,
FXNC,IHTA,
GABC,IIAC,
GAIA,IIF,
GAIN,IIIN,
GAINL,IIM,
GAINN,IIPR,
GALT,IIPR^A,
GAMCU,IMAX,
GAN,IMPX,
GANX,INFO,
GASS,INFY,
GBCI,ING,
GBDC,INGR,
GBIO,INN,
GBLI,INN^D,
GBLIL,INN^E,
GBNH,INSI,
GBNY,INSP,
GBOX,INSW,
GBRG,INSW^A,
GBRGR,INT,
GBRGU,INVH,
GBRGW,IO,
GBS,IP,
GBT,IPG,
GCAC,IPI,
GCACU,IPOD,
GCACW,IPOE,
GCBC,IPOF,
GCMG,IQI,
GCMGW,IQV,
GDEN,IR,
GDRX,IRL,
GDS,IRM,
GDYN,IRR,
GDYNW,IRS,
GECC,IRT,
GECCL,ISD,
GECCM,ISOS,
GECCN,IT,
GEG,ITCB,
GENC,ITGR,
GENE,ITT,
GEOS,ITUB,
GERN,ITW,
GEVO,IVAN,
GFED,IVC,
GFN,IVH,
GFNCP,IVR,
GFNSZ,IVR^A,
GGAL,IVR^B,
GGMCU,IVR^C,
GGPIU,IVZ,
GH,IX,
GHAC,J,
GHACU,JAX,
GHACW,JBGS,
GHSI,JBL,
GHVI,JBT,
GHVIU,JCE,
GHVIW,JCI,
GIFI,JCO,
GIG,JDD,
GIGGU,JEF,
GIGGW,JELD,
GIGM,JEMD,
GIII,JEQ,
GIIXU,JFR,
GIIXW,JGH,
GILD,JHAA,
GILT,JHB,
GLAD,JHG,
GLADL,JHI,
GLAQ,JHS,
GLAQU,JHX,
GLAQW,JIH,
GLBLU,JILL,
GLBS,JKS,
GLBZ,JLL,
GLDD,JLS,
GLG,JMIA,
GLHAU,JMM,
GLMD,JMP,
GLNG,JNJ,
GLPG,JNPR,
GLPI,JOE,
GLRE,JOF,
GLSI,JP,
GLSPU,JPC,
GLTO,JPI,
GLUU,JPM,
GLYC,JPM^C,
GMAB,JPM^D,
GMBL,JPM^G,
GMBLW,JPM^H,
GMBT,JPM^J,
GMBTU,JPM^K,
GMBTW,JPS,
GMDA,JPT,
GMII,JQC,
GMIIU,JRI,
GMIIW,JRO,
GMLPP,JRS,
GMTX,JSD,
GNAC,JT,
GNACU,JTA,
GNACW,JTD,
GNCA,JW/A,
GNFT,JW/B,
GNLN,JWN,
GNOG,JWS,
GNPX,JWSM,
GNRS,K,
GNRSU,KAI,
GNRSW,KAMN,
GNSS,KAR,
GNTX,KB,
GNTY,KBH,
GNUS,KBR,
GO,KCAC,
GOCO,KEN,
GOEV,KEP,
GOEVW,KEX,
GOGL,KEY,
GOGO,KEY^I,
GOOD,KEY^J,
GOODM,KEY^K,
GOODN,KEYS,
GOOG,KF,
GOOGL,KFS,
GOSS,KFY,
GOVX,KGC,
GOVXW,KIM,
GP,KIM^L,
GPAC,KIM^M,
GPACU,KIO,
GPACW,KKR,
GPP,KKR^A,
GPRE,KKR^B,
GPRO,KKR^C,
GRAY,KKRS,
GRBK,KL,
GRCL,KMB,
GRCY,KMF,
GRCYU,KMI,
GRCYW,KMPR,
GRFS,KMT,
GRIL,KMX,
GRIN,KN,
GRMN,KNL,
GRNQ,KNOP,
GRNV,KNX,
GRNVR,KO,
GRNVU,KODK,
GRNVW,KOF,
GROW,KOP,
GRPN,KOS,
GRSV,KR,
GRSVU,KRA,
GRSVW,KRC,
GRTS,KREF,
GRTX,KREF^A,
GRVY,KRG,
GRWG,KRO,
GSAQ,KRP,
GSAQU,KSM,
GSAQW,KSS,
GSBC,KSU,
GSEV,KSU^,
GSEVU,KT,
GSEVW,KTB,
GSHD,KTF,
GSIT,KTH,
GSKY,KTN,
GSM,KUKE,
GSMG,KW,
GSMGW,KWAC,
GT,KWR,
GTBP,KYN,
GTEC,L,
GTH,LAC,
GTHX,LAD,
GTIM,LADR,
GTPAU,LAIX,
GTPBU,LAZ,
GTYH,LB,
GURE,LBRT,
GVP,LC,
GWAC,LCI,
GWACW,LCII,
GWGH,LDI,
GWPH,LDL,
GWRS,LDOS,
GXGX,LDP,
GXGXU,LEA,
GXGXW,LEAF,
GXIIU,LEAP,
GYRO,LEG,
HA,LEJU,
HAAC,LEN,
HAACU,LEO,
HAACW,LEVI,
HAFC,LFC,
HAIN,LFT,
HALL,LGI,
HALO,LH,
HAPP,LHC,
HARP,LHX,
HAS,LII,
HAYN,LIII,
HBAN,LIN,
HBANN,LINX,
HBANO,LITB,
HBANP,LL,
HBCP,LLY,
HBIO,LMND,
HBMD,LMT,
HBNC,LNC,
HBP,LND,
HBT,LNFA,
HCAP,LNN,
HCAPZ,LOKB,
HCAQ,LOKM,
HCAR,LOMA,
HCARU,LOW,
HCARW,LPG,
HCAT,LPI,
HCCC,LPL,
HCCCU,LPX,
HCCCW,LRN,
HCCI,LSI,
HCDI,LSPD,
HCIC,LTC,
HCICU,LTHM,
HCICW,LU,
HCII,LUB,
HCIIU,LUMN,
HCIIW,LUV,
HCKT,LVS,
HCM,LW,
HCSG,LXP,
HDSN,LXP^C,
HEAR,LXU,
HEC,LYB,
HECCU,LYG,
HECCW,LYV,
HEES,LZB,
HELE,M,
HEPA,MA,
HERAU,MAA,
HFBL,MAA^I,
HFFG,MAC,
HFWA,MAIN,
HGBL,MAN,
HGEN,MANU,
HGSH,MAS,
HHR,MATX,
HIBB,MAV,
HIFS,MAX,
HIHO,MAXR,
HIII,MBI,
HIIIU,MBT,
HIIIW,MC,
HIMX,MCA,
HJLI,MCB,
HJLIW,MCD,
HLAH,MCI,
HLAHU,MCK,
HLAHW,MCN,
HLG,MCO,
HLIO,MCR,
HLIT,MCS,
HLNE,MCY,
HLXA,MD,
HMCO,MDC,
HMCOU,MDH,
HMCOW,MDLA,
HMHC,MDLQ,
HMNF,MDLX,
HMPT,MDLY,
HMST,MDP,
HMTV,MDT,
HNNA,MDU,
HNRG,MEC,
HOFT,MED,
HOFV,MEG,
HOFVW,MEI,
HOL,MER^K,
HOLI,MET,
HOLUU,MET^A,
HOLUW,MET^E,
HOLX,MET^F,
HOMB,MFA,
HONE,MFA^B,
HOOK,MFA^C,
HOPE,MFC,
HOTH,MFD,
HOVNP,MFG,
HPK,MFGP,
HPKEW,MFL,
HQI,MFM,
HQY,MFV,
HRMY,MG,
HROW,MGA,
HRTX,MGF,
HRZN,MGM,
HSAQ,MGP,
HSDT,MGR,
HSIC,MGRB,
HSII,MGU,
HSKA,MGY,
HSON,MH^A,
HST,MH^C,
HSTM,MH^D,
HSTO,MHD,
HTBI,MHF,
HTBK,MHI,
HTBX,MHK,
HTGM,MHLA,
HTHT,MHN,
HTIA,MHNC,
HTLD,MHO,
HTLF,MIC,
HTLFP,MIE,
HTOO,MIN,
HTOOW,MIT,
HUBG,MITT,
HUDI,MITT^A,
HUGE,MITT^B,
HUIZ,MITT^C,
HURC,MIXT,
HURN,MIY,
HUSN,MKC,
HVBC,MKL,
HWBK,MLI,
HWC,MLM,
HWCC,MLP,
HWCPL,MLR,
HWCPZ,MMC,
HWKN,MMD,
HX,MMI,
HYAC,MMM,
HYACU,MMP,
HYFM,MMS,
HYMC,MMT,
HYMCL,MMU,
HYMCW,MN,
HYMCZ,MNP,
HYRE,MNR,
HYW,MNR^C,
HZNP,MNRL,
IAC,MNSO,
IART,MO,
IBCP,MOD,
IBEX,MODN,
IBKR,MOGU,
IBOC,MOH,
IBRX,MOS,
IBTX,MOTV,
ICAD,MOV,
ICBK,MP,
ICCC,MPA,
ICCH,MPC,
ICFI,MPLN,
ICHR,MPLX,
ICLK,MPV,
ICLR,MPW,
ICMB,MPX,
ICON,MQT,
ICPT,MQY,
ICUI,MRC,
IDBA,MRK,
IDCC,MRO,
IDEX,MS,
IDN,MS^A,
IDRA,MS^E,
IDXX,MS^F,
IDYA,MS^I,
IEA,MS^K,
IEAWW,MS^L,
IEC,MSA,
IEP,MSB,
IESC,MSC,
IFBD,MSCI,
IFMK,MSD,
IFRX,MSGE,
IGAC,MSGN,
IGACU,MSGS,
IGACW,MSI,
IGIC,MSM,
IGICW,MSP,
IGMS,MT,
IGNY,MTB,
IGNYU,MTCN,
IGNYW,MTD,
IHRT,MTDR,
III,MTG,
IIII,MTH,
IIIIU,MTL,
IIIIW,MTL^,
IIIV,MTN,
IIN,MTOR,
IIVI,MTR,
IIVIP,MTRN,
IKNA,MTT,
IKNX,MTW,
IKT,MTX,
ILMN,MTZ,
ILPT,MUA,
IMAB,MUC,
IMAC,MUE,
IMACW,MUFG,
IMBI,MUI,
IMCC,MUJ,
IMCR,MUR,
IMGN,MUSA,
IMKTA,MUX,
IMMP,MVF,
IMMR,MVO,
IMNM,MVT,
IMOS,MWA,
IMPL,MX,
IMRA,MXE,
IMRN,MXF,
IMRNW,MXL,
IMTE,MYC,
IMTX,MYD,
IMTXW,MYE,
IMUX,MYI,
IMV,MYJ,
IMVT,MYN,
IMXI,MYOV,
INBK,MYTE,
INBKL,NAC,
INBKZ,NAD,
INBX,NAN,
INCY,NAPA,
INDB,NAT,
INDT,NAV,
INFI,NAZ,
INFN,NBB,
INGN,NBHC,
INKA,NBR,
INKAU,NBR^A,
INKAW,NC,
INM,NCA,
INMB,NCLH,
INMD,NCR,
INNV,NCV,
INO,NCV^A,
INOD,NCZ,
INOV,NCZ^A,
INPX,NDMO,
INSE,NDP,
INSG,NEA,
INSM,NEE,
INTC,NEE^K,
INTG,NEE^N,
INTU,NEE^O,
INTZ,NEE^P,
INVA,NEE^Q,
INVE,NEM,
INVO,NEP,
INVZ,NET,
INVZW,NETI,
INZY,NEU,
IONS,NEV,
IOSP,NEW,
IOVA,NEWR,
IPA,NEX,
IPAR,NEXA,
IPDN,NFG,
IPGP,NFH,
IPHA,NFJ,
IPLDP,NGA,
IPVIU,NGAB,
IPWR,NGG,
IQ,NGL,
IRBT,NGL^B,
IRCP,NGL^C,
IRDM,NGS,
IRIX,NGVC,
IRMD,NGVT,
IROQ,NHF,
IRTC,NHF^A,
IRWD,NHI,
ISBC,NI,
ISEE,NI^B,
ISIG,NID,
ISLE,NIE,
ISLEW,NIM,
ISNS,NIMC,
ISRG,NINE,
ISSC,NIO,
ISTR,NIQ,
ISUN,NJR,
ITAC,NKE,
ITACU,NKG,
ITACW,NKX,
ITCI,NL,
ITHX,NLS,
ITHXU,NLSN,
ITHXW,NLY,
ITI,NLY^F,
ITIC,NLY^G,
ITMR,NLY^I,
ITOS,NM,
ITQ,NM^G,
ITQRU,NM^H,
ITQRW,NMCO,
ITRI,NMI,
ITRM,NMK^C,
ITRN,NMM,
IVA,NMR,
IVAC,NMS,
IZEA,NMT,
JACK,NMZ,
JAGX,NNA,
JAKK,NNI,
JAMF,NNN,
JAN,NNN^F,
JAZZ,NNY,
JBHT,NOA,
JBLU,NOAH,
JBSS,NOC,
JCIC,NOK,
JCICU,NOM,
JCICW,NOMD,
JCOM,NOV,
JCS,NOVA,
JCTCF,NOW,
JD,NP,
JFIN,NPK,
JFU,NPO,
JG,NPTN,
JJSF,NPV,
JKHY,NQP,
JMPNL,NR,
JMPNZ,NREF,
JNCE,NREF^A,
JOAN,NRG,
JOBS,NRGX,
JOFF,NRK,
JOFFU,NRP,
JOFFW,NRT,
JOUT,NRUC,
JRJC,NRZ,
JRSH,NRZ^A,
JRVR,NRZ^B,
JSM,NRZ^C,
JUPW,NS,
JUPWW,NS^A,
JVA,NS^B,
JWEL,NS^C,
JYAC,NSA,
JYNT,NSA^A,
KAII,NSC,
KAIIU,NSH,
KAIIW,NSL,
KAIR,NSP,
KAIRU,NSS,
KAIRW,NSTB,
KALA,NSTC,
KALU,NSTD,
KALV,NTB,
KARO,NTCO,
KBAL,NTG,
KBNT,NTP,
KBNTW,NTR,
KBSF,NTST,
KC,NTZ,
KCAPL,NUE,
KDMN,NUO,
KDNY,NUS,
KDP,NUV,
KE,NUVB,
KELYA,NUW,
KELYB,NVG,
KEQU,NVGS,
KERN,NVO,
KERNW,NVR,
KFFB,NVRO,
KFRC,NVS,
KHC,NVST,
KIDS,NVT,
KIII,NVTA,
KIIIU,NWG,
KIN,NWHM,
KINS,NWN,
KINZ,NX,
KINZU,NXC,
KINZW,NXJ,
KIRK,NXN,
KLAC,NXP,
KLAQ,NXQ,
KLAQU,NXR,
KLAQW,NXRT,
KLDO,NXU,
KLIC,NYC,
KLXE,NYCB,
KMDA,NYCB^A,
KMPH,NYCB^U,
KNBE,NYT,
KNDI,NZF,
KNSA,O,
KNSL,OACB,
KNTE,OAK^A,
KOD,OAK^B,
KOPN,OC,
KOR,OCA,
KOSS,OCFT,
KPTI,OCN,
KRBP,ODC,
KRKR,OEC,
KRMD,OFC,
KRNL,OFG,
KRNLU,OFG^A,
KRNLW,OFG^B,
KRNT,OFG^D,
KRNY,OGE,
KRON,OGS,
KROS,OHI,
KRT,OI,
KRTX,OIA,
KRUS,OII,
KRYS,OIS,
KSICU,OKE,
KSMT,OLN,
KSMTU,OLO,
KSMTW,OLP,
KSPN,OMC,
KTCC,OMF,
KTOS,OMI,
KTRA,ONE,
KURA,ONTF,
KURI,ONTO,
KURIU,OOMA,
KURIW,OPP,
KVHI,OPP^A,
KVSA,OPY,
KVSB,OR,
KVSC,ORA,
KXIN,ORAN,
KYMR,ORC,
KZIA,ORCC,
KZR,ORCL,
LABP,ORI,
LACQ,ORN,
LACQU,OSCR,
LACQW,OSG,
LAKE,OSH,
LAMR,OSK,
LANC,OTIS,
LAND,OUST,
LANDM,OUT,
LANDO,OVV,
LARK,OXM,
LASR,OXY,
LATN,PAC,
LATNU,PACE,
LATNW,PACK,
LAUR,PAG,
LAWS,PAGS,
LAZR,PAI,
LAZY,PAM,
LBAI,PANW,
LBC,PAR,
LBPH,PARR,
LBPS,PATH,
LBPSW,PAYC,
LBRDA,PB,
LBRDK,PBA,
LBRDP,PBC,
LBTYA,PBF,
LBTYB,PBFX,
LBTYK,PBH,
LCAAU,PBI,
LCAHU,PBI^B,
LCAP,PBR,
LCAPU,PBT,
LCAPW,PBY,
LCNB,PCF,
LCUT,PCG,
LCY,PCGU,
LCYAU,PCI,
LCYAW,PCK,
LDHAU,PCM,
LE,PCN,
LECO,PCPC,
LEDS,PCQ,
LEE,PD,
LEGAU,PDAC,
LEGH,PDI,
LEGN,PDM,
LEGO,PDO,
LEGOU,PDS,
LEGOW,PDT,
LESL,PEAK,
LEVL,PEB,
LEVLP,PEB^C,
LEXX,PEB^D,
LEXXW,PEB^E,
LFMD,PEB^F,
LFTR,PEG,
LFTRU,PEI,
LFTRW,PEI^B,
LFUS,PEI^C,
LFVN,PEI^D,
LGAC,PEN,
LGACU,PEO,
LGACW,PFD,
LGHL,PFE,
LGHLW,PFGC,
LGIH,PFH,
LGND,PFL,
LGO,PFN,
LGVN,PFO,
LHAA,PFS,
LHCG,PFSI,
LHDX,PG,
LI,PGP,
LIFE,PGR,
LILA,PGRE,
LILAK,PGTI,
LINC,PGZ,
LIND,PH,
LINK,PHD,
LIQT,PHG,
LITE,PHI,
LIVE,PHK,
LIVK,PHM,
LIVKU,PHR,
LIVKW,PHT,
LIVN,PHX,
LIVX,PIAI,
LIXT,PICC,
LIXTW,PII,
LIZI,PIM,
LJAQ,PINE,
LJAQU,PING,
LJAQW,PINS,
LJPC,PIPP,
LKCO,PIPR,
LKFN,PJT,
LKQ,PK,
LLIT,PKE,
LLNW,PKG,
LMACA,PKI,
LMACU,PKO,
LMACW,PKX,
LMAO,PLAN,
LMAOU,PLD,
LMAOW,PLNT,
LMAT,PLOW,
LMB,PLT,
LMFA,PLTR,
LMNL,PLYM,
LMNR,PM,
LMNX,PMF,
LMPX,PML,
LMRK,PMM,
LMRKN,PMO,
LMRKO,PMT,
LMRKP,PMT^A,
LMST,PMT^B,
LNDC,PMVC,
LNSR,PMX,
LNT,PNC,
LNTH,PNC^P,
LOAN,PNF,
LOB,PNI,
LOCO,PNM,
LOGC,PNR,
LOGI,PNTM,
LOOP,PNW,
LOPE,POR,
LORL,POST,
LOTZ,PPG,
LOTZW,PPL,
LOVE,PPR,
LPCN,PPT,
LPLA,PPX,
LPRO,PQG,
LPSN,PRA,
LPTH,PRE^G,
LPTX,PRE^H,
LQDA,PRE^I,
LQDT,PRE^J,
LRCX,PRG,
LRMR,PRGO,
LSAQ,PRI,
LSBK,PRIF^A,
LSCC,PRIF^B,
LSEA,PRIF^C,
LSEAW,PRIF^D,
LSTR,PRIF^E,
LSXMA,PRIF^F,
LSXMB,PRIF^G,
LSXMK,PRLB,
LTBR,PRMW,
LTRN,PRO,
LTRPA,PROS,
LTRPB,PRPB,
LTRX,PRPC,
LULU,PRS,
LUMO,PRSP,
LUNA,PRT,
LUNG,PRTY,
LUXA,PRU,
LUXAU,PSA,
LUXAW,PSA^C,
LVRAU,PSA^D,
LVTX,PSA^E,
LWAC,PSA^F,
LWACU,PSA^G,
LWACW,PSA^H,
LWAY,PSA^I,
LX,PSA^J,
LXEH,PSA^K,
LXRX,PSA^L,
LYFT,PSA^M,
LYL,PSA^N,
LYRA,PSA^O,
LYTS,PSB,
MAAC,PSB^W,
MAACU,PSB^X,
MAACW,PSB^Y,
MACA,PSB^Z,
MACAU,PSF,
MACAW,PSFE,
MACK,PSN,
MACQ,PSO,
MACQU,PSTG,
MACQW,PSTH,
MACU,PSTL,
MACUU,PSX,
MACUW,PSXP,
MAGS,PTA,
MANH,PTR,
MANT,PTY,
MAR,PUK,
MARA,PUK^,
MARK,PUK^A,
MARPS,PUMP,
MASI,PV,
MASS,PVG,
MAT,PVH,
MATW,PVL,
MAXN,PWR,
MAYS,PXD,
MBCN,PYN,
MBII,PYS,
MBIN,PYT,
MBINN,PZC,
MBINO,PZN,
MBINP,QD,
MBIO,QFTA,
MBNKP,QGEN,
MBOT,QS,
MBRX,QSR,
MBTCU,QTS,
MBUU,QTS^A,
MBWM,QTS^B,
MCAD,QTWO,
MCADR,QUAD,
MCADU,QUOT,
MCBC,QVCC,
MCBS,QVCD,
MCFE,R,
MCFT,RA,
MCHP,RAAS,
MCHX,RACE,
MCMJ,RAD,
MCMJW,RAMP,
MCRB,RBA,
MCRI,RBAC,
MDB,RBC,
MDCA,RBLX,
MDGL,RC,
MDGS,RC^B,
MDGSW,RC^C,
MDIA,RC^D,
MDJH,RCA,
MDLZ,RCB,
MDNA,RCC,
MDRR,RCI,
MDRRP,RCL,
MDRX,RCS,
MDVL,RCUS,
MDWD,RDN,
MDWT,RDS/B,
MDXG,RDY,
MEDP,RE,
MEDS,RELX,
MEIP,RENN,
MELI,RES,
MEOH,REV,
MERC,REVG,
MESA,REX,
MESO,REXR,
METC,REXR^A,
METX,REXR^B,
METXW,REXR^C,
MFH,REZI,
MFIN,RF,
MFNC,RF^A,
MGEE,RF^B,
MGI,RF^C,
MGIC,RFI,
MGLN,RFL,
MGNI,RFM,
MGNX,RFMZ,
MGPI,RFP,
MGRC,RGA,
MGTA,RGR,
MGTX,RGS,
MGYR,RGT,
MHLD,RH,
MICT,RHI,
MIDD,RHP,
MILE,RICE,
MILEW,RIG,
MIME,RIO,
MIND,RIV,
MINDP,RJF,
MIRM,RKT,
MIST,RL,
MITC,RLGY,
MITK,RLI,
MITO,RLJ,
MKD,RLJ^A,
MKGI,RLX,
MKSI,RM,
MKTX,RMAX,
MKTY,RMD,
MLAB,RMI,
MLAC,RMM,
MLACU,RMO,
MLACW,RMPL^,
MLCO,RMT,
MLHR,RNG,
MLND,RNGR,
MLVF,RNP,
MMAC,RNR,
MMLP,RNR^E,
MMSI,RNR^F,
MMYT,ROG,
MNDO,ROK,
MNKD,ROL,
MNOV,ROP,
MNPR,ROT,
MNRO,RPAI,
MNSB,RPM,
MNST,RPT,
MNTK,RPT^D,
MNTX,RQI,
MODV,RRC,
MOFG,RRD,
MOGO,RS,
MOHO,RSF,
MOMO,RSG,
MON,RSI,
MONCU,RTP,
MONCW,RTPZ,
MOR,RTX,
MORF,RVI,
MORN,RVLV,
MOSY,RVT,
MOTN,RWT,
MOTNU,RXN,
MOTNW,RY,
MOTS,RY^T,
MOVE,RYAM,
MOXC,RYB,
MPAA,RYI,
MPACU,RYN,
MPB,RZA,
MPWR,RZB,
MRAC,SA,
MRACU,SAF,
MRACW,SAFE,
MRAM,SAH,
MRBK,SAIC,
MRCC,SAIL,
MRCY,SAK,
MREO,SAM,
MRIN,SAN,
MRKR,SAND          ,
MRLN,SAP,
MRM,SAR,
MRNA,SAVE,
MRNS,SB,
MRSN,SB^C,
MRTN,SB^D,
MRTX,SBBA,
MRUS,SBG,
MRVI,SBH,
MRVL,SBI,
MSAC,SBOW,
MSACW,SBR,
MSBI,SBS,
MSDAU,SBSW,
MSEX,SC,
MSFT,SCCO,
MSGM,SCD,
MSON,SCE^G,
MSTR,SCE^H,
MSVB,SCE^J,
MTAC,SCE^K,
MTACU,SCE^L,
MTACW,SCHW,
MTBC,SCHW^C,
MTBCP,SCHW^D,
MTC,SCHW^J,
MTCH,SCI,
MTCR,SCL,
MTEM,SCM,
MTEX,SCPE,
MTLS,SCS,
MTP,SCU,
MTRX,SCVX,
MTSI,SCX,
MTSL,SD,
MU,SDHY,
MUDS,SE,
MUDSU,SEAH,
MUDSW,SEAS,
MVBF,SEE,
MVIS,SEM,
MWK,SEMR,
MXIM,SF,
MYFW,SF^A,
MYGN,SF^B,
MYMD,SF^C,
MYRG,SFB,
MYSZ,SFE,
MYT,SFL,
NAAC,SFTW,
NAACU,SFUN,
NAACW,SGFY,
NAII,SGU,
NAKD,SHAK,
NAOV,SHG,
NARI,SHI,
NATH,SHLX,
NATI,SHO,
NATR,SHO^E,
NAVI,SHO^F,
NBEV,SHOP,
NBIX,SHW,
NBLX,SI,
NBN,SID,
NBRV,SIG,
NBSE,SII,
NBSTU,SITC,
NBTB,SITC^A,
NBTX,SITE,
NCBS,SIX,
NCMI,SJI,
NCNA,SJIJ,
NCNO,SJIV,
NCSM,SJM,
NCTY,SJR,
NDAC,SJT,
NDACU,SJW,
NDACW,SKLZ,
NDAQ,SKM,
NDLS,SKT,
NDRA,SKX,
NDRAW,SKY,
NDSN,SLAC,
NEBC,SLB,
NEBCU,SLCA,
NEBCW,SLF,
NEO,SLG,
NEOG,SLG^I,
NEON,SLQT,
NEPH,SM,
NEPT,SMAR,
NERV,SMFG,
NESR,SMG,
NESRW,SMHI,
NETE,SMLP,
NEWA,SMM,
NEWT,SMP,
NEWTL,SNA,
NEWTZ,SNAP,
NEXI,SNDR,
NEXT,SNII,
NFBK,SNN,
NFE,SNOW,
NFLX,SNP,
NGAC,SNPR,
NGACU,SNR,
NGACW,SNV,
NGCAU,SNV^D,
NGM,SNV^E,
NGMS,SNX,
NH,SO,
NHIC,SOAC,
NHICU,SOGO,
NHICW,SOI,
NHTC,SOJB,
NICE,SOJC,
NICK,SOJD,
NISN,SOJE,
NIU,SOL,
NKLA,SOLN,
NKSH,SON,
NKTR,SONY,
NKTX,SOR,
NLOK,SOS,
NLSP,SPAQ,
NLSPW,SPB,
NLTX,SPCE,
NMFC,SPE,
NMIH,SPE^B,
NMMC,SPFR,
NMMCU,SPG,
NMMCW,SPG^J,
NMRD,SPGI,
NMRK,SPGS,
NMTR,SPH,
NNBR,SPLP,
NNDM,SPLP^A,
NNOX,SPNT,
NOAC,SPNV,
NOACU,SPOT,
NOACW,SPR,
NODK,SPRQ,
NOTV,SPXC,
NOVN,SPXX,
NOVT,SQ,
NPCE,SQM,
NRAC,SQNS,
NRACU,SQZ,
NRACW,SR,
NRBO,SR^A,
NRC,SRC,
NRIM,SRC^A,
NRIX,SRE,
NSEC,SRE^B,
NSIT,SREA,
NSSC,SRG,
NSTG,SRG^A,
NSYS,SRI,
NTAP,SRL,
NTCT,SRLP,
NTEC,SRT,
NTES,SRV,
NTGR,SSD,
NTIC,SSL,
NTLA,SSTK,
NTNX,ST,
NTRA,STAG,
NTRS,STAR          ,
NTRSO,STAR^D,
NTUS,STAR^G,
NTWK,STAR^I,
NUAN,STC,
NURO,STE,
NUVA,STG,
NUZE,STIC,
NVAX,STK,
NVCN,STL,
NVCR,STL^A,
NVDA,STLA,
NVEC,STM,
NVEE,STN,
NVFY,STNG,
NVIV,STON,
NVMI,STOR,
NVOS,STPC,
NVSA,STPK,
NVSAU,STT,
NVSAW,STT^D,
NVVE,STT^G,
NVVEW,STWD,
NWBI,STZ,
NWE,STZ/B,
NWFL,SU,
NWL,SUI,
NWLI,SUM,
NWPX,SUN,
NWS,SUP,
NWSA,SUPV,
NXGN,SUZ,
NXPI,SWBK,
NXST,SWCH,
NXTC,SWI,
NXTD,SWK,
NYMT,SWM,
NYMTM,SWN,
NYMTN,SWT,
NYMTO,SWX,
NYMTP,SWZ,
NYMX,SXC,
OAS,SXI,
OBAS,SXT,
OBCI,SYF,
OBLG,SYF^A,
OBLN,SYK,
OBNK,SYX,
OBSV,SYY,
OCAX,SZC,
OCAXU,T,
OCAXW,T^A,
OCC,T^C,
OCCI,TAC,
OCCIP,TACA,
OCDX,TAK,
OCFC,TAL,
OCFCP,TALO,
OCG,TAP,
OCGN,TARO,
OCSL,TBA,
OCUL,TBB,
OCUP,TBC,
OCX,TBI,
ODFL,TCI,
ODP,TCS,
ODT,TD,
OEG,TDA,
OEPW,TDC,
OEPWU,TDE,
OEPWW,TDF,
OESX,TDG,
OFED,TDI,
OFIX,TDJ,
OFLX,TDOC,
OFS,TDS,
OFSSG,TDS^U,
OFSSI,TDW,
OGI,TDY,
OHPAU,TEAF,
OHPAW,TECK,
OIIM,TEF,
OKTA,TEI,
OLB,TEL,
OLED,TEN,
OLK,TEO,
OLLI,TEVA,
OLMA,TEX,
OM,TFC,
OMAB,TFC^H,
OMCL,TFC^I,
OMEG,TFC^O,
OMER,TFC^R,
OMEX,TFII,
OMP,TFSA,
ON,TFX,
ONB,TG,
ONCR,TGH,
ONCS,TGH^A,
ONCT,TGI,
ONCY,TGNA,
ONDS,TGP,
ONEM,TGP^A,
ONEW,TGP^B,
ONTX,TGS,
ONTXW,TGT,
ONVO,THC,
OPBK,THG,
OPCH,THO,
OPEN,THQ,
OPENW,THR,
OPGN,THS,
OPHC,THW,
OPI,TIMB,
OPINI,TINV,
OPINL,TISI,
OPK,TIXT,
OPNT,TJX,
OPOF,TK,
OPRA,TKC,
OPRT,TKR,
OPRX,TLGA,
OPT,TLK,
OPTN,TLYS,
OPTT,TM,
ORBC,TMAC,
ORGO,TME,
ORGS,TMHC,
ORIC,TMO,
ORLY,TMST,
ORMP,TMX,
ORPH,TNC,
ORRF,TNET,
ORTX,TNK,
OSBC,TNL,
OSIS,TNP,
OSMT,TNP^D,
OSN,TNP^E,
OSPN,TNP^F,
OSS,TOL,
OSTK,TOT,
OSTR,TPB,
OSTRU,TPC,
OSTRW,TPGS,
OSUR,TPGY,
OSW,TPH,
OTEX,TPL,
OTIC,TPR,
OTLK,TPVG,
OTLKW,TPX,
OTRA,TPZ,
OTRAU,TR,
OTRAW,TRC,
OTRK,TREB,
OTRKP,TREC,
OTTR,TREX,
OVBC,TRGP,
OVID,TRI,
OVLY,TRN,
OXBR,TRNO,
OXBRW,TROX,
OXLC,TRP,
OXLCL,TRQ,
OXLCM,TRTN,
OXLCP,TRTN^A,
OXSQ,TRTN^B,
OXSQL,TRTN^C,
OXSQZ,TRTN^D,
OYST,TRTX,
OZK,TRU,
OZON,TRV,
PAA,TS,
PAAS,TSE,
PACB,TSI,
PACW,TSLX,
PACX,TSM,
PACXU,TSN,
PACXW,TSPQ,
PAE,TSQ,
PAEWW,TT,
PAGP,TTC,
PAHC,TTI,
PAIC,TTM,
PAICU,TTP,
PAICW,TU,
PANA,TUFN,
PANL,TUP,
PAQC,TUYA,
PAQCU,TV,
PAQCW,TVC,
PASG,TVE,
PATI,TWI,
PATK,TWLO,
PAVM,TWN,
PAVMW,TWND,
PAVMZ,TWNI,
PAX,TWO,
PAYA,TWO^A,
PAYAW,TWO^B,
PAYS,TWO^C,
PAYX,TWOA,
PBCT,TWTR,
PBCTP,TX,
PBFS,TXT,
PBHC,TY,
PBIP,TY^,
PBLA,TYG,
PBPB,TYL,
PBTS,U,
PBYI,UA,
PCAR,UAA,
PCB,UAN,
PCH,UBA,
PCOM,UBER,
PCRX,UBP,
PCSA,UBP^H,
PCSB,UBP^K,
PCT,UBS,
PCTI,UDR,
PCTTU,UE,
PCTTW,UFI,
PCTY,UFS,
PCVX,UGI,
PCYG,UGP,
PCYO,UHS,
PDCE,UHT,
PDCO,UI,
PDD,UIS,
PDEX,UL,
PDFS,UMC,
PDLB,UMH,
PDSB,UMH^C,
PEBK,UMH^D,
PEBO,UNF,
PEGA,UNFI,
PENN,UNH,
PEP,UNM,
PERI,UNMA,
PESI,UNP,
PETQ,UNVR,
PETS,UPS,
PETZ,URI,
PFBC,USA,
PFBI,USAC,
PFC,USB,
PFDR,USB^A,
PFDRU,USB^H,
PFDRW,USB^M,
PFG,USB^P,
PFHD,USB^Q,
PFIE,USB^R,
PFIN,USDP,
PFIS,USFD,
PFLT,USM,
PFMT,USNA,
PFPT,USPH,
PFSW,USX,
PFX,UTF,
PFXNL,UTI,
PGC,UTL,
PGEN,UTZ,
PGNY,UVE,
PGRW,UVV,
PGRWU,UWMC,
PGRWW,UZA,
PHAR,UZB,
PHAS,UZC,
PHAT,UZD,
PHCF,UZE,
PHIC,V,
PHICU,VAC,
PHICW,VALE,
PHIO,VAPO,
PHIOW,VBF,
PHUN,VCIF,
PHUNW,VCRA,
PHVS,VCV,
PI,VEC,
PINC,VEDL,
PIRS,VEEV,
PIXY,VEI,
PKBK,VEL,
PKOH,VER,
PLAB,VER^F,
PLAY,VET,
PLBC,VFC,
PLBY,VGAC,
PLCE,VGI,
PLIN,VGM,
PLL,VGR,
PLMIU,VHC,
PLMR,VHI,
PLPC,VIAO,
PLRX,VICI,
PLSE,VIPS,
PLTK,VIST,
PLUG,VIV,
PLUS,VKQ,
PLXP,VLO,
PLXS,VLRS,
PLYA,VLT,
PMBC,VMC,
PMD,VMI,
PME,VMO,
PMGM,VMW,
PMGMU,VNCE,
PMGMW,VNE,
PMVP,VNO,
PNBK,VNO^K,
PNFP,VNO^L,
PNFPP,VNO^M,
PNNT,VNO^N,
PNNTG,VNT,
PNRG,VNTR,
PNTG,VOC,
POAI,VOYA,
PODD,VOYA^B,
POLA,VPG,
POOL,VPV,
POSH,VRS,
POW,VRT,
POWI,VRTV,
POWL,VSH,
POWRU,VST,
POWRW,VSTO,
POWW,VTA,
PPBI,VTN,
PPBT,VTOL,
PPC,VTR,
PPD,VVI,
PPGH,VVNT,
PPGHU,VVR,
PPGHW,VVV,
PPIH,VYGG,
PPSI,VZIO,
PPTA,W,
PRAA,WAB,
PRAH,WAL,
PRAX,WALA,
PRCH,WARR,
PRDO,WAT,
PRFT,WBK,
PRFX,WBS,
PRGS,WBS^F,
PRIM,WBT,
PRLD,WCC,
PROF,WCC^A,
PROG,WCN,
PROV,WD,
PRPH,WDR,
PRPL,WEA,
PRPO,WEC,
PRQR,WEI,
PRSR,WELL,
PRSRU,WES,
PRSRW,WEX,
PRTA,WF,
PRTC,WFC,
PRTG,WFC^A,
PRTH,WFC^C,
PRTK,WFC^L,
PRTS,WFC^N,
PRVB,WFC^O,
PSAC,WFC^Q,
PSACU,WFC^R,
PSACW,WFC^X,
PSAG,WFC^Y,
PSAGU,WFC^Z,
PSAGW,WFG,
PSEC,WGO,
PSHG,WH,
PSMT,WHD,
PSNL,WHG,
PSTI,WHR,
PSTV,WIA,
PSTX,WIT,
PT,WIW,
PTC,WK,
PTCT,WLK,
PTE,WLKP,
PTEN,WLL,
PTGX,WM,
PTIC,WMB,
PTICU,WMC,
PTICW,WMK,
PTIX,WMS,
PTMN,WMT,
PTNR,WNC,
PTOCU,WNS,
PTON,WOR,
PTPI,WORK,
PTRS,WOW,
PTSI,WPC,
PTVCA,WPF,
PTVCB,WPG,
PTVE,WPG^H,
PUBM,WPG^I,
PUCK,WPM,
PUCKU,WPP,
PUCKW,WRB,
PULM,WRB^D,
PUYI,WRB^E,
PVAC,WRB^F,
PVBC,WRB^G,
PWFL,WRB^H,
PWOD,WRE,
PXLW,WRI,
PXS,WRK,
PXSAP,WSM,
PXSAW,WSO,
PYPD,WSO/B,
PYPL,WSR,
PYR,WST,
PZZA,WTI,
QADA,WTM,
QADB,WTRG,
QCOM,WTRU,
QCRH,WTS,
QDEL,WTTR,
QELL,WU,
QELLU,WWE,
QELLW,WWW,
QFIN,WY,
QH,X,
QIWI,XEC,
QK,XFLT,
QLGN,XFLT^A,
QLI,XHR,
QLYS,XIN,
QMCO,XL,
QNST,XOM,
QQQX,XPEV,
QRHC,XPO,
QRTEA,XPOA,
QRTEB,XRX,
QRTEP,XYF,
QRVO,XYL,
QTNT,Y,
QTRX,YAC,
QTT,YALA,
QUIK,YELP,
QUMU,YETI,
QURE,YEXT,
RAAC,YPF,
RAACU,YRD,
RAACW,YSG,
RACA,YTPG,
RACB,YUM,
RADA,YUMC,
RADI,ZBH,
RAIL,ZEN,
RAIN,ZEPP,
RAND,ZH,
RAPT,ZIM,
RARE,ZNH,
RAVE,ZTO,
RAVN,ZTR,
RBB,ZTS,
RBBN,ZUO,
RBCAA,ZYME,
RBCN,,
RBKB,,
RBNC,,
RCEL,,
RCHG,,
RCHGU,,
RCHGW,,
RCII,,
RCKT,,
RCKY,,
RCLF,,
RCLFU,,
RCLFW,,
RCM,,
RCMT,,
RCON,,
RDCM,,
RDFN,,
RDHL,,
RDI,,
RDIB,,
RDNT,,
RDUS,,
RDVT,,
RDWR,,
REAL,,
REDU,,
REED,,
REFR,,
REG,,
REGI,,
REGN,,
REKR,,
RELI,,
RELIW,,
RELL,,
REPH,,
REPL,,
RESN,,
RETA,,
RETO,,
REVHU,,
REYN,,
RFIL,,
RGCO,,
RGEN,,
RGLD,,
RGLS,,
RGNX,,
RGP,,
RIBT,,
RICK,,
RIDE,,
RIGL,,
RILY,,
RILYG,,
RILYH,,
RILYI,,
RILYK,,
RILYL,,
RILYM,,
RILYN,,
RILYO,,
RILYP,,
RILYT,,
RIOT,,
RIVE,,
RKDA,,
RLAY,,
RLMD,,
RMBI,,
RMBL,,
RMBS,,
RMCF,,
RMGB,,
RMGBU,,
RMGBW,,
RMGC,,
RMGCU,,
RMGCW,,
RMNI,,
RMR,,
RMRM,,
RMTI,,
RNA,,
RNDB,,
RNET,,
RNLX,,
RNST,,
RNWK,,
ROAD,,
ROCC,,
ROCCU,,
ROCCW,,
ROCK,,
ROCR,,
ROCRU,,
ROCRW,,
ROIC,,
ROKU,,
ROLL,,
ROOT,,
ROST,,
RPAY,,
RPD,,
RPHM,,
RPRX,,
RPTX,,
RRBI,,
RRGB,,
RRR,,
RSSS,,
RSVA,,
RSVAU,,
RSVAW,,
RTLR,,
RTPYU,,
RUBY,,
RUN,,
RUSHA,,
RUSHB,,
RUTH,,
RVMD,,
RVNC,,
RVPH,,
RVPHW,,
RVSB,,
RWLK,,
RXDX,,
RXRAU,,
RXRX,,
RXT,,
RYAAY,,
RYTM,,
RZLT,,
SABR,,
SABRP,,
SAFM,,
SAFT,,
SAGE,,
SAIA,,
SAII,,
SAIIU,,
SAIIW,,
SAL,,
SALM,,
SAMG,,
SANA,,
SANM,,
SANW,,
SASR,,
SATS,,
SAVA,,
SBAC,,
SBBP,,
SBCF,,
SBEAU,,
SBFG,,
SBGI,,
SBLK,,
SBLKZ,,
SBNY,,
SBNYP,,
SBRA,,
SBSI,,
SBT,,
SBTX,,
SBUX,,
SCAQU,,
SCHL,,
SCHN,,
SCKT,,
SCLE,,
SCLEU,,
SCLEW,,
SCOA,,
SCOAU,,
SCOAW,,
SCOB,,
SCOBU,,
SCOBW,,
SCOR,,
SCPH,,
SCPL,,
SCPS,,
SCR,,
SCSC,,
SCVL,,
SCWX,,
SCYX,,
SDAC,,
SDACU,,
SDACW,,
SDC,,
SDGR,,
SDH,,
SEAC,,
SECO,,
SEDG,,
SEED,,
SEEL,,
SEER,,
SEIC,,
SELB,,
SELF,,
SENEA,,
SENEB,,
SESN,,
SFBC,,
SFBS,,
SFET,,
SFIX,,
SFM,,
SFNC,,
SFST,,
SFT,,
SGA,,
SGAM,,
SGAMU,,
SGAMW,,
SGBX,,
SGC,,
SGEN,,
SGH,,
SGLB,,
SGLBW,,
SGMA,,
SGMO,,
SGMS,,
SGOC,,
SGRP,,
SGRY,,
SGTX,,
SHAC,,
SHACU,,
SHACW,,
SHBI,,
SHC,,
SHEN,,
SHIP,,
SHIPW,,
SHIPZ,,
SHLS,,
SHOO,,
SHSP,,
SHYF,,
SIBN,,
SIC,,
SIEB,,
SIEN,,
SIFY,,
SIGA,,
SIGI,,
SIGIP,,
SILC,,
SILK,,
SIMO,,
SINO,,
SINT,,
SIOX,,
SIRI,,
SITM,,
SIVB,,
SIVBP,,
SJ,,
SKYT,,
SKYW,,
SLAB,,
SLAM,,
SLAMU,,
SLAMW,,
SLCR,,
SLCRU,,
SLCRW,,
SLCT,,
SLDB,,
SLGG,,
SLGL,,
SLGN,,
SLM,,
SLMBP,,
SLN,,
SLNO,,
SLP,,
SLRC,,
SLRX,,
SLS,,
SMBC,,
SMBK,,
SMCI,,
SMED,,
SMID,,
SMIT,,
SMMF,,
SMMT,,
SMPL,,
SMSI,,
SMTC,,
SMTI,,
SNBR,,
SNCA,,
SNCR,,
SNCY,,
SND,,
SNDL,,
SNDX,,
SNES,,
SNEX,,
SNFCA,,
SNGX,,
SNGXW,,
SNOA,,
SNPS,,
SNRH,,
SNRHU,,
SNRHW,,
SNSE,,
SNY,,
SOHO,,
SOHOB,,
SOHON,,
SOHOO,,
SOHU,,
SOLO,,
SOLOW,,
SOLY,,
SONM,,
SONN,,
SONO,,
SP,,
SPCB,,
SPFI,,
SPI,,
SPKBU,,
SPKE,,
SPKEP,,
SPLK,,
SPNE,,
SPNS,,
SPOK,,
SPPI,,
SPRB,,
SPRO,,
SPRT,,
SPSC,,
SPT,,
SPTK,,
SPTKU,,
SPTKW,,
SPTN,,
SPWH,,
SPWR,,
SQBG,,
SQFT,,
SRAC,,
SRACU,,
SRACW,,
SRAX,,
SRCE,,
SRCL,,
SRDX,,
SREV,,
SRGA,,
SRNE,,
SRNG,,
SRNGU,,
SRNGW,,
SRPT,,
SRRA,,
SRRK,,
SRSA,,
SRSAW,,
SRTS,,
SSAA,,
SSAAU,,
SSAAW,,
SSB,,
SSBI,,
SSKN,,
SSNC,,
SSNT,,
SSP,,
SSPK,,
SSPKU,,
SSPKW,,
SSRM,,
SSSS,,
SSTI,,
SSYS,,
STAA,,
STAF,,
STAY,,
STBA,,
STCN,,
STEP,,
STFC,,
STIM,,
STKL,,
STKS,,
STLD,,
STMP,,
STND,,
STNE,,
STOK,,
STRA,,
STRL,,
STRM,,
STRO,,
STRR,,
STRRP,,
STRS,,
STRT,,
STSA,,
STTK,,
STWO,,
STWOU,,
STWOW,,
STX,,
STXB,,
SUMO,,
SUMR,,
SUNS,,
SUNW,,
SUPN,,
SURF,,
SV,,
SVAC,,
SVACU,,
SVACW,,
SVBI,,
SVC,,
SVFA,,
SVFAU,,
SVFAW,,
SVFB,,
SVFC,,
SVMK,,
SVOK,,
SVOKU,,
SVOKW,,
SVRA,,
SVSVU,,
SVSVW,,
SVVC,,
SWAV,,
SWBI,,
SWET,,
SWETU,,
SWETW,,
SWIM,,
SWIR,,
SWKH,,
SWKS,,
SWTX,,
SXTC,,
SY,,
SYBT,,
SYBX,,
SYKE,,
SYNA,,
SYNH,,
SYNL,,
SYPR,,
SYRS,,
SYTA,,
SYTAW,,
TA,,
TACO,,
TACT,,
TAIT,,
TANH,,
TANNI,,
TANNL,,
TANNZ,,
TAOP,,
TARA,,
TARS,,
TAST,,
TATT,,
TAYD,,
TBBK,,
TBCP,,
TBCPU,,
TBCPW,,
TBIO,,
TBK,,
TBKCP,,
TBLT,,
TBLTW,,
TBNK,,
TBPH,,
TBSAU,,
TC,,
TCAC,,
TCACU,,
TCACW,,
TCBI,,
TCBIL,,
TCBIO,,
TCBIP,,
TCBK,,
TCDA,,
TCF,,
TCFC,,
TCFCP,,
TCMD,,
TCOM,,
TCON,,
TCPC,,
TCRR,,
TCVA,,
TCX,,
TDAC,,
TDACU,,
TDACW,,
TDUP,,
TEAM,,
TECH,,
TECTP,,
TEDU,,
TEKK,,
TEKKU,,
TEKKW,,
TELA,,
TELL,,
TENB,,
TENX,,
TER,,
TERN,,
TESS,,
TETCU,,
TFFP,,
TFSL,,
TGA,,
TGLS,,
TGTX,,
TH,,
THBR,,
THBRU,,
THBRW,,
THCA,,
THCAU,,
THCAW,,
THCB,,
THCBU,,
THCBW,,
THFF,,
THMA,,
THMAU,,
THMAW,,
THMO,,
THRM,,
THRY,,
THTX,,
THWWW,,
TIG,,
TIGO,,
TIGR,,
TIL,,
TILE,,
TIOAU,,
TIPT,,
TIRX,,
TITN,,
TLC,,
TLGT,,
TLIS,,
TLMD,,
TLMDW,,
TLND,,
TLRY,,
TLS,,
TLSA,,
TMCI,,
TMDI,,
TMDX,,
TMKR,,
TMKRU,,
TMKRW,,
TMPM,,
TMPMU,,
TMPMW,,
TMTS,,
TMTSU,,
TMTSW,,
TMUS,,
TNDM,,
TNXP,,
TOMZ,,
TOPS,,
TOUR,,
TOWN,,
TPCO,,
TPIC,,
TPTX,,
TRCH,,
TREE,,
TRHC,,
TRIB,,
TRIL,,
TRIN,,
TRIP,,
TRIT,,
TRITW,,
TRKA,,
TRKAW,,
TRMB,,
TRMD,,
TRMK,,
TRMT,,
TRNS,,
TROW,,
TRS,,
TRST,,
TRUE,,
TRUP,,
TRVG,,
TRVI,,
TRVN,,
TSBK,,
TSC,,
TSCAP,,
TSCBP,,
TSCO,,
TSEM,,
TSHA,,
TSIA,,
TSIAU,,
TSIAW,,
TSIB,,
TSIBU,,
TSIBW,,
TSLA,,
TSP,,
TSRI,,
TTCF,,
TTD,,
TTEC,,
TTEK,,
TTGT,,
TTMI,,
TTNP,,
TTOO,,
TTWO,,
TURN,,
TUSK,,
TVAC,,
TVACU,,
TVACW,,
TVTX,,
TVTY,,
TW,,
TWCT,,
TWCTU,,
TWCTW,,
TWIN,,
TWLVU,,
TWNK,,
TWNKW,,
TWOU,,
TWST,,
TXG,,
TXMD,,
TXN,,
TXRH,,
TYHT,,
TYME,,
TZOO,,
TZPS,,
TZPSU,,
TZPSW,,
UAL,,
UBCP,,
UBFO,,
UBOH,,
UBSI,,
UBX,,
UCBI,,
UCBIO,,
UCL,,
UCTT,,
UEIC,,
UEPS,,
UFCS,,
UFPI,,
UFPT,,
UG,,
UGRO,,
UHAL,,
UIHC,,
UK,,
UKOMW,,
ULBI,,
ULCC,,
ULH,,
ULTA,,
UMBF,,
UMPQ,,
UNAM,,
UNB,,
UNIT,,
UNTY,,
UONE,,
UONEK,,
UPC,,
UPLD,,
UPST,,
UPWK,,
URBN,,
URGN,,
USAK,,
USAP,,
USAU,,
USCR,,
USEG,,
USIO,,
USLM,,
USWS,,
USWSW,,
UTHR,,
UTMD,,
UTME,,
UTSI,,
UVSP,,
UXIN,,
VABK,,
VACQ,,
VACQU,,
VACQW,,
VALU,,
VAQC,,
VBFC,,
VBIV,,
VBLT,,
VBTX,,
VC,,
VCEL,,
VCKA,,
VCKAU,,
VCKAW,,
VCNX,,
VCTR,,
VCVC,,
VCVCU,,
VCVCW,,
VCYT,,
VECO,,
VECT,,
VELO,,
VELOU,,
VELOW,,
VENA,,
VENAR,,
VENAU,,
VENAW,,
VEON,,
VERB,,
VERBW,,
VERI,,
VERO,,
VERU,,
VERX,,
VERY,,
VFF,,
VG,,
VIAC,,
VIACA,,
VIACP,,
VIAV,,
VICR,,
VIEW,,
VIEWW,,
VIH,,
VIHAU,,
VIHAW,,
VII,,
VIIAU,,
VIIAW,,
VINC,,
VINCW,,
VINO,,
VINP,,
VIOT,,
VIR,,
VIRC,,
VIRI,,
VIRT,,
VIRX,,
VISL,,
VITL,,
VIVE,,
VIVO,,
VJET,,
VKTX,,
VLDR,,
VLDRW,,
VLGEA,,
VLON,,
VLY,,
VLYPO,,
VLYPP,,
VMAC,,
VMACU,,
VMACW,,
VMAR,,
VMD,,
VNDA,,
VNET,,
VNOM,,
VOD,,
VOR,,
VOSO,,
VOSOU,,
VOSOW,,
VOXX,,
VPCBU,,
VRA,,
VRAY,,
VRCA,,
VRDN,,
VREX,,
VRM,,
VRME,,
VRMEW,,
VRNA,,
VRNS,,
VRNT,,
VRPX,,
VRRM,,
VRSK,,
VRSN,,
VRTS,,
VRTX,,
VS,,
VSAT,,
VSEC,,
VSPR,,
VSPRU,,
VSPRW,,
VSSYW,,
VSTA,,
VSTM,,
VTAQ,,
VTAQR,,
VTAQU,,
VTAQW,,
VTGN,,
VTIQ,,
VTIQU,,
VTIQW,,
VTNR,,
VTRS,,
VTRU,,
VTSI,,
VTVT,,
VUZI,,
VVOS,,
VVPR,,
VWTR,,
VXRT,,
VYGR,,
VYNE,,
VYNT,,
WABC,,
WAFD,,
WAFDP,,
WAFU,,
WALDU,,
WASH,,
WATT,,
WB,,
WBA,,
WDAY,,
WDC,,
WDFC,,
WEN,,
WERN,,
WETF,,
WEYS,,
WFCF,,
WHF,,
WHFBZ,,
WHLM,,
WHLR,,
WHLRD,,
WHLRP,,
WIFI,,
WILC,,
WIMI,,
WINA,,
WING,,
WINT,,
WIRE,,
WISA,,
WISH,,
WIX,,
WKEY,,
WKHS,,
WLDN,,
WLFC,,
WLTW,,
WMG,,
WMPN,,
WNEB,,
WNW,,
WOOF,,
WORX,,
WPRT,,
WRAP,,
WRLD,,
WSBC,,
WSBCP,,
WSBF,,
WSC,,
WSFS,,
WSTG,,
WTBA,,
WTER,,
WTFC,,
WTFCM,,
WTFCP,,
WTRE,,
WTREP,,
WTRH,,
WVE,,
WVFC,,
WVVI,,
WVVIP,,
WW,,
WWD,,
WYNN,,
XAIR,,
XBIO,,
XBIOW,,
XBIT,,
XCUR,,
XEL,,
XELA,,
XELB,,
XENE,,
XENT,,
XERS,,
XFOR,,
XGN,,
XLNX,,
XLRN,,
XM,,
XNCR,,
XNET,,
XOG,,
XOMA,,
XOMAO,,
XOMAP,,
XONE,,
XP,,
XPDI,,
XPDIU,,
XPDIW,,
XPEL,,
XPER,,
XRAY,,
XSPA,,
XTLB,,
YELL,,
YGMZ,,
YI,,
YJ,,
YMAB,,
YMTX,,
YNDX,,
YORW,,
YQ,,
YSAC,,
YSACU,,
YSACW,,
YTEN,,
YTRA,,
YVR,,
YY,,
Z,,
ZBRA,,
ZCMD,,
ZEAL,,
ZEUS,,
ZG,,
ZGNX,,
ZGYH,,
ZGYHR,,
ZGYHW,,
ZI,,
ZION,,
ZIONL,,
ZIONN,,
ZIONO,,
ZIONP,,
ZIOP,,
ZIXI,,
ZKIN,,
ZLAB,,
ZM,,
ZNGA,,
ZNTE,,
ZNTEU,,
ZNTEW,,
ZNTL,,
ZS,,
ZSAN,,
ZUMZ,,
ZVO,,
ZWRK,,
ZWRKU,,
ZWRKW,,
ZY,,
ZYNE,,
ZYXI,,
